{
  "timestamp": "2026-01-30 10:09:26",
  "tasks": "Dyck-1 + Dyck-2 (Combined)",
  "baseline": {
    "train_losses": [
      0.5371647323392759,
      0.44987730045986785,
      0.42190262181743693,
      0.3992258879789122,
      0.3936681419041506,
      0.38370848043709044,
      0.3733669797516173,
      0.3713861080301795,
      0.37026353560055897,
      0.36804353754231883,
      0.36173034796289577,
      0.3581049572320501,
      0.3495311851903891,
      0.3488524103430426,
      0.35068114339166384,
      0.3458777574976538,
      0.34298154778161627,
      0.34024700304125527,
      0.33896189159268786,
      0.3445449712549805
    ],
    "val_accuracies": [
      68.55,
      76.25,
      75.4,
      74.1,
      79.05,
      80.1,
      79.8,
      78.3,
      79.9,
      78.1,
      77.3,
      80.35,
      81.05,
      80.85,
      81.0,
      81.0,
      80.65,
      80.65,
      81.35,
      80.6
    ],
    "final_val_accuracy": 80.6
  },
  "stack_augmented": {
    "train_losses": [
      0.5385066665661563,
      0.44079899313343557,
      0.4188680804459153,
      0.3909893655663083,
      0.3837457614339841,
      0.3761311009241517,
      0.3686035964519355,
      0.3642152631358736,
      0.3649934232234955,
      0.3531164080853675,
      0.3477192416692236,
      0.34780747191921163,
      0.3402450674088897,
      0.34692328181236415,
      0.3335549505842719,
      0.3346300134613256,
      0.3356219409567535,
      0.3327741391339879,
      0.33453320061704916,
      0.32645635866815115
    ],
    "val_accuracies": [
      72.1,
      69.95,
      72.0,
      79.3,
      77.65,
      78.4,
      80.8,
      77.85,
      81.7,
      78.1,
      80.15,
      79.65,
      80.5,
      81.3,
      79.95,
      82.1,
      79.4,
      79.8,
      81.25,
      81.65
    ],
    "final_val_accuracy": 81.65
  },
  "test_results": {
    "categories": [
      "Short (6-10)",
      "Medium (12-18)",
      "Long (20-30)",
      "Very Long (32-44)"
    ],
    "baseline_scores": [
      98.8,
      94.6,
      87.4,
      59.8
    ],
    "stack_scores": [
      99.2,
      95.0,
      88.6,
      62.2
    ],
    "improvements": [
      0.4000000000000057,
      0.4000000000000057,
      1.1999999999999886,
      2.4000000000000057
    ]
  },
  "summary": {
    "avg_baseline": 85.14999999999999,
    "avg_stack": 86.24999999999999,
    "avg_improvement": 1.0999999999999943
  }
}